"OBJECTID","ID_0","ISO","NAME_0","ID_1","NAME_1","ID_2","NAME_2","HASC_2","CCN_2","CCA_2","TYPE_2","ENGTYPE_2","NL_NAME_2","VARNAME_2"
1,242,"GBR","United Kingdom",1,"England",1,"Barking and Dagenham","GB.BA",NA,"","London Borough","London Borough","",""
2,242,"GBR","United Kingdom",1,"England",2,"Bath and North East Somerset","GB.BN",NA,"","Unitary Authority","Unitary Authority","",""
3,242,"GBR","United Kingdom",1,"England",3,"Bedfordshire","GB.BD",NA,"","Administrative County","Administrative County","",""
4,242,"GBR","United Kingdom",1,"England",4,"Berkshire","GB.BK",NA,"","County","County","",""
5,242,"GBR","United Kingdom",1,"England",5,"Bexley","GB.XB",NA,"","London Borough","London Borough","",""
6,242,"GBR","United Kingdom",1,"England",6,"Blackburn with Darwen","GB.BW",NA,"","Unitary Authority","Unitary Authority","","Blackburn, Blackburn and Darwen"
7,242,"GBR","United Kingdom",1,"England",7,"Bournemouth","GB.BM",NA,"","Unitary Authority","Unitary Authority","",""
8,242,"GBR","United Kingdom",1,"England",8,"Brent","GB.BE",NA,"","London Borough","London Borough","",""
9,242,"GBR","United Kingdom",1,"England",9,"Brighton and Hove","GB.BH",NA,"","Unitary Authority","Unitary Authority","",""
10,242,"GBR","United Kingdom",1,"England",10,"Bristol","GB.BS",NA,"","Unitary Authority (city)","Unitary Authority (city)","",""
11,242,"GBR","United Kingdom",1,"England",11,"Bromley","GB.BZ",NA,"","London Borough","London Borough","",""
12,242,"GBR","United Kingdom",1,"England",12,"Buckinghamshire","GB.BU",NA,"","Administrative County","Administrative County","",""
13,242,"GBR","United Kingdom",1,"England",13,"Cambridgeshire","GB.CM",NA,"","Administrative County","Administrative County","",""
14,242,"GBR","United Kingdom",1,"England",14,"Camden","GB.CN",NA,"","London Borough","London Borough","",""
15,242,"GBR","United Kingdom",1,"England",15,"Cheshire","GB.CH",NA,"","Administrative County","Administrative County","",""
16,242,"GBR","United Kingdom",1,"England",16,"Cornwall","GB.CO",NA,"","Administrative County","Administrative County","","Cornouailles|Cornovaglia|Cornualha|Cornualles|Cornwall and Isles of Scilly"
17,242,"GBR","United Kingdom",1,"England",17,"Croydon","GB.CY",NA,"","London Borough","London Borough","",""
18,242,"GBR","United Kingdom",1,"England",18,"Cumbria","GB.CU",NA,"","Administrative County","Administrative County","",""
19,242,"GBR","United Kingdom",1,"England",19,"Darlington","GB.DA",NA,"","Unitary Authority","Unitary Authority","",""
20,242,"GBR","United Kingdom",1,"England",20,"Derbyshire","GB.DB",NA,"","Administrative County","Administrative County","",""
21,242,"GBR","United Kingdom",1,"England",21,"Derby","GB.DE",NA,"","Unitary Authority (city)","Unitary Authority (city)","",""
22,242,"GBR","United Kingdom",1,"England",22,"Devon","GB.DO",NA,"","Administrative County","Administrative County","",""
23,242,"GBR","United Kingdom",1,"England",23,"Dorset","GB.DS",NA,"","Administrative County","Administrative County","",""
24,242,"GBR","United Kingdom",1,"England",24,"Durham","GB.DH",NA,"","Administrative County","Administrative County","","County Durham"
25,242,"GBR","United Kingdom",1,"England",25,"Ealing","GB.EG",NA,"","London Borough","London Borough","",""
26,242,"GBR","United Kingdom",1,"England",26,"East Riding of Yorkshire","GB.EY",NA,"","Unitary Authority","Unitary Authority","","East Riding, East Yorkshire"
27,242,"GBR","United Kingdom",1,"England",27,"East Sussex","GB.ES",NA,"","Administrative County","Administrative County","",""
28,242,"GBR","United Kingdom",1,"England",28,"Enfield","GB.EF",NA,"","London Borough","London Borough","",""
29,242,"GBR","United Kingdom",1,"England",29,"Essex","GB.EX",NA,"","Administrative County","Administrative County","",""
30,242,"GBR","United Kingdom",1,"England",30,"Gloucestershire","GB.GC",NA,"","Administrative County","Administrative County","",""
31,242,"GBR","United Kingdom",1,"England",31,"Greenwich","GB.GR",NA,"","London Borough","London Borough","",""
32,242,"GBR","United Kingdom",1,"England",32,"Hackney","GB.HK",NA,"","London Borough","London Borough","",""
33,242,"GBR","United Kingdom",1,"England",33,"Halton","GB.HL",NA,"","Unitary Authority","Unitary Authority","",""
34,242,"GBR","United Kingdom",1,"England",34,"Hammersmith and Fulham","GB.HF",NA,"","London Borough","London Borough","",""
35,242,"GBR","United Kingdom",1,"England",35,"Hampshire","GB.HA",NA,"","Administrative County","Administrative County","","Southampton"
36,242,"GBR","United Kingdom",1,"England",36,"Haringey","GB.HY",NA,"","London Borough","London Borough","",""
37,242,"GBR","United Kingdom",1,"England",37,"Harrow","GB.HR",NA,"","London Borough","London Borough","",""
38,242,"GBR","United Kingdom",1,"England",38,"Hartlepool","GB.HP",NA,"","Unitary Authority","Unitary Authority","",""
39,242,"GBR","United Kingdom",1,"England",39,"Havering","GB.HV",NA,"","London Borough","London Borough","",""
40,242,"GBR","United Kingdom",1,"England",40,"Herefordshire","GB.HE",NA,"","Unitary Authority (county)","Unitary Authority (county)","",""
41,242,"GBR","United Kingdom",1,"England",41,"Hertfordshire","GB.HT",NA,"","Administrative County","Administrative County","",""
42,242,"GBR","United Kingdom",1,"England",42,"Hillingdon","GB.HD",NA,"","London Borough","London Borough","",""
43,242,"GBR","United Kingdom",1,"England",43,"Hounslow","GB.HU",NA,"","London Borough","London Borough","",""
44,242,"GBR","United Kingdom",1,"England",44,"Isle of Wight","GB.IW",NA,"","Unitary Authority","Unitary Authority","",""
45,242,"GBR","United Kingdom",1,"England",45,"Islington","GB.IT",NA,"","London Borough","London Borough","",""
46,242,"GBR","United Kingdom",1,"England",46,"Kensington and Chelsea","GB.KC",NA,"","London Borough (royal)","London Borough (royal)","",""
47,242,"GBR","United Kingdom",1,"England",47,"Kent","GB.KE",NA,"","Administrative County","Administrative County","",""
48,242,"GBR","United Kingdom",1,"England",48,"Kingston upon Hull","GB.KH",NA,"","Unitary Authority (city)","Unitary Authority (city)","","Hull"
49,242,"GBR","United Kingdom",1,"England",49,"Kingston upon Thames","GB.KT",NA,"","London Borough (royal)","London Borough (royal)","",""
50,242,"GBR","United Kingdom",1,"England",50,"Lambeth","GB.LT",NA,"","London Borough","London Borough","",""
51,242,"GBR","United Kingdom",1,"England",51,"Lancashire","GB.LA",NA,"","Administrative County","Administrative County","",""
52,242,"GBR","United Kingdom",1,"England",52,"Leicestershire","GB.LE",NA,"","Administrative County","Administrative County","",""
53,242,"GBR","United Kingdom",1,"England",53,"Leicester","GB.LC",NA,"","Unitary Authority (city)","Unitary Authority (city)","",""
54,242,"GBR","United Kingdom",1,"England",54,"Lewisham","GB.LW",NA,"","London Borough","London Borough","",""
55,242,"GBR","United Kingdom",1,"England",55,"Lincolnshire","GB.LI",NA,"","Administrative County","Administrative County","",""
56,242,"GBR","United Kingdom",1,"England",56,"London","GB.LN",NA,"","London Borough (city)","London Borough (city)","",""
57,242,"GBR","United Kingdom",1,"England",57,"Luton","GB.LU",NA,"","Unitary Authority","Unitary Authority","",""
58,242,"GBR","United Kingdom",1,"England",58,"Manchester","GB.MN",NA,"","Metropolitan Borough (city)","Metropolitan Borough (city)","",""
59,242,"GBR","United Kingdom",1,"England",59,"Medway","GB.MW",NA,"","Unitary Authority","Unitary Authority","","Medway Towns"
60,242,"GBR","United Kingdom",1,"England",60,"Merseyside","GB.MS",NA,"","Metropolitan County","Metropolitan County","",""
61,242,"GBR","United Kingdom",1,"England",61,"Merton","GB.ME",NA,"","London Borough","London Borough","",""
62,242,"GBR","United Kingdom",1,"England",62,"Middlesbrough","GB.MB",NA,"","Unitary Authority","Unitary Authority","",""
63,242,"GBR","United Kingdom",1,"England",63,"Milton Keynes","GB.MK",NA,"","Unitary Authority","Unitary Authority","",""
64,242,"GBR","United Kingdom",1,"England",64,"Newham","GB.NH",NA,"","London Borough","London Borough","",""
65,242,"GBR","United Kingdom",1,"England",65,"Norfolk","GB.NF",NA,"","Administrative County","Administrative County","",""
66,242,"GBR","United Kingdom",1,"England",66,"North East Lincolnshire","GB.NE",NA,"","Unitary Authority","Unitary Authority","",""
67,242,"GBR","United Kingdom",1,"England",67,"North Lincolnshire","GB.NL",NA,"","Unitary Authority","Unitary Authority","",""
68,242,"GBR","United Kingdom",1,"England",68,"North Somerset","GB.NS",NA,"","Unitary Authority","Unitary Authority","","North West Somerset"
69,242,"GBR","United Kingdom",1,"England",69,"North Yorkshire","GB.NY",NA,"","Administrative County","Administrative County","",""
70,242,"GBR","United Kingdom",1,"England",70,"Northamptonshire","GB.NA",NA,"","Administrative County","Administrative County","",""
71,242,"GBR","United Kingdom",1,"England",71,"Northumberland","GB.NB",NA,"","Administrative County","Administrative County","",""
72,242,"GBR","United Kingdom",1,"England",72,"Nottinghamshire","GB.NT",NA,"","Administrative County","Administrative County","",""
73,242,"GBR","United Kingdom",1,"England",73,"Nottingham","GB.NG",NA,"","Unitary Authority (city)","Unitary Authority (city)","",""
74,242,"GBR","United Kingdom",1,"England",74,"Oxfordshire","GB.OX",NA,"","Administrative County","Administrative County","",""
75,242,"GBR","United Kingdom",1,"England",75,"Peterborough","GB.PB",NA,"","Unitary Authority","Unitary Authority","",""
76,242,"GBR","United Kingdom",1,"England",76,"Plymouth","GB.PM",NA,"","Unitary Authority (city)","Unitary Authority (city)","",""
77,242,"GBR","United Kingdom",1,"England",77,"Poole","GB.PL",NA,"","Unitary Authority","Unitary Authority","",""
78,242,"GBR","United Kingdom",1,"England",78,"Portsmouth","GB.PS",NA,"","Unitary Authority (city)","Unitary Authority (city)","",""
79,242,"GBR","United Kingdom",1,"England",79,"Redbridge","GB.RB",NA,"","London Borough","London Borough","",""
80,242,"GBR","United Kingdom",1,"England",80,"Redcar and Cleveland","GB.RC",NA,"","Unitary Authority","Unitary Authority","",""
81,242,"GBR","United Kingdom",1,"England",81,"Richmond upon Thames","GB.RU",NA,"","London Borough","London Borough","",""
82,242,"GBR","United Kingdom",1,"England",82,"Rutland","GB.RL",NA,"","Unitary Authority","Unitary Authority","",""
83,242,"GBR","United Kingdom",1,"England",83,"Shropshire","GB.SP",NA,"","Administrative County","Administrative County","","Salop"
84,242,"GBR","United Kingdom",1,"England",84,"Somerset","GB.SM",NA,"","Administrative County","Administrative County","",""
85,242,"GBR","United Kingdom",1,"England",85,"South Gloucestershire","GB.SJ",NA,"","Unitary Authority","Unitary Authority","",""
86,242,"GBR","United Kingdom",1,"England",86,"South Yorkshire","GB.SY",NA,"","Metropolitan County","Metropolitan County","",""
87,242,"GBR","United Kingdom",1,"England",87,"Southampton","GB.ZH",NA,"","Unitary Authority (city)","Unitary Authority (city)","",""
88,242,"GBR","United Kingdom",1,"England",88,"Southend-on-Sea","GB.SS",NA,"","Unitary Authority","Unitary Authority","","Southend"
89,242,"GBR","United Kingdom",1,"England",89,"Southwark","GB.SQ",NA,"","London Borough","London Borough","",""
90,242,"GBR","United Kingdom",1,"England",90,"Staffordshire","GB.ST",NA,"","Administrative County","Administrative County","",""
91,242,"GBR","United Kingdom",1,"England",91,"Stockton-on-Tees","GB.ZT",NA,"","Unitary Authority","Unitary Authority","","Stockton"
92,242,"GBR","United Kingdom",1,"England",92,"Stoke-on-Trent","GB.SO",NA,"","Unitary Authority (city)","Unitary Authority (city)","",""
93,242,"GBR","United Kingdom",1,"England",93,"Suffolk","GB.SF",NA,"","Administrative County","Administrative County","",""
94,242,"GBR","United Kingdom",1,"England",94,"Surrey","GB.SR",NA,"","Administrative County","Administrative County","",""
95,242,"GBR","United Kingdom",1,"England",95,"Sutton","GB.SU",NA,"","London Borough","London Borough","",""
96,242,"GBR","United Kingdom",1,"England",96,"Swindon","GB.SN",NA,"","Unitary Authority","Unitary Authority","","Thamesdown"
97,242,"GBR","United Kingdom",1,"England",97,"Telford and Wrekin","GB.TK",NA,"","Unitary Authority","Unitary Authority","","The Wrekin, Wrekin"
98,242,"GBR","United Kingdom",1,"England",98,"Thurrock","GB.TR",NA,"","Unitary Authority","Unitary Authority","",""
99,242,"GBR","United Kingdom",1,"England",99,"Torbay","GB.TB",NA,"","Unitary Authority","Unitary Authority","",""
100,242,"GBR","United Kingdom",1,"England",100,"Tower Hamlets","GB.TH",NA,"","London Borough","London Borough","",""
101,242,"GBR","United Kingdom",1,"England",101,"Tyne and Wear","GB.TW",NA,"","Metropolitan County","Metropolitan County","",""
102,242,"GBR","United Kingdom",1,"England",102,"Waltham Forest","GB.WF",NA,"","London Borough","London Borough","",""
103,242,"GBR","United Kingdom",1,"England",103,"Wandsworth","GB.WW",NA,"","London Borough","London Borough","",""
104,242,"GBR","United Kingdom",1,"England",104,"Warrington","GB.WT",NA,"","Unitary Authority","Unitary Authority","",""
105,242,"GBR","United Kingdom",1,"England",105,"Warwickshire","GB.WR",NA,"","Administrative County","Administrative County","",""
106,242,"GBR","United Kingdom",1,"England",106,"West Midlands","GB.WM",NA,"","Metropolitan County","Metropolitan County","",""
107,242,"GBR","United Kingdom",1,"England",107,"West Sussex","GB.WS",NA,"","Administrative County","Administrative County","",""
108,242,"GBR","United Kingdom",1,"England",108,"West Yorkshire","GB.WY",NA,"","Metropolitan County","Metropolitan County","",""
109,242,"GBR","United Kingdom",1,"England",109,"Westminster","GB.WE",NA,"","London Borough (city)","London Borough (city)","",""
110,242,"GBR","United Kingdom",1,"England",110,"Wiltshire","GB.WL",NA,"","Administrative County","Administrative County","",""
111,242,"GBR","United Kingdom",1,"England",111,"Worcestershire","GB.WC",NA,"","Administrative County","Administrative County","",""
112,242,"GBR","United Kingdom",1,"England",112,"York","GB.YK",NA,"","Unitary Authority (city)","Unitary Authority (city)","",""
113,242,"GBR","United Kingdom",2,"Northern Ireland",113,"Antrim","GB.AN",NA,"","District","District","",""
114,242,"GBR","United Kingdom",2,"Northern Ireland",114,"Ards","GB.AD",NA,"","District","District","",""
115,242,"GBR","United Kingdom",2,"Northern Ireland",115,"Armagh","GB.AM",NA,"","District","District","",""
116,242,"GBR","United Kingdom",2,"Northern Ireland",116,"Ballymena","GB.BL",NA,"","District","District","",""
117,242,"GBR","United Kingdom",2,"Northern Ireland",117,"Ballymoney","GB.BY",NA,"","District","District","",""
118,242,"GBR","United Kingdom",2,"Northern Ireland",118,"Banbridge","GB.BB",NA,"","District","District","",""
119,242,"GBR","United Kingdom",2,"Northern Ireland",119,"Belfast","GB.BF",NA,"","District","District","",""
120,242,"GBR","United Kingdom",2,"Northern Ireland",120,"Carrickfergus","GB.CF",NA,"","District","District","",""
121,242,"GBR","United Kingdom",2,"Northern Ireland",121,"Castlereagh","GB.CS",NA,"","District","District","",""
122,242,"GBR","United Kingdom",2,"Northern Ireland",122,"Coleraine","GB.CL",NA,"","District","District","",""
123,242,"GBR","United Kingdom",2,"Northern Ireland",123,"Cookstown","GB.CK",NA,"","District","District","",""
124,242,"GBR","United Kingdom",2,"Northern Ireland",124,"Craigavon","GB.CR",NA,"","District","District","",""
125,242,"GBR","United Kingdom",2,"Northern Ireland",125,"Derry","GB.LD",NA,"","District","London Borough (city)","","Londonderry"
126,242,"GBR","United Kingdom",2,"Northern Ireland",126,"Down","GB.DW",NA,"","District","District","",""
127,242,"GBR","United Kingdom",2,"Northern Ireland",127,"Dungannon","GB.DN",NA,"","District","District","",""
128,242,"GBR","United Kingdom",2,"Northern Ireland",128,"Fermanagh","GB.FE",NA,"","District","District","",""
129,242,"GBR","United Kingdom",2,"Northern Ireland",129,"Larne","GB.LR",NA,"","District","District","",""
130,242,"GBR","United Kingdom",2,"Northern Ireland",130,"Limavady","GB.LM",NA,"","District","District","",""
131,242,"GBR","United Kingdom",2,"Northern Ireland",131,"Lisburn","GB.LB",NA,"","District","District","",""
132,242,"GBR","United Kingdom",2,"Northern Ireland",132,"Magherafelt","GB.MF",NA,"","District","District","",""
133,242,"GBR","United Kingdom",2,"Northern Ireland",133,"Moyle","GB.MY",NA,"","District","District","",""
134,242,"GBR","United Kingdom",2,"Northern Ireland",134,"Newry and Mourne","GB.NM",NA,"","District","District","","Mourne"
135,242,"GBR","United Kingdom",2,"Northern Ireland",135,"Newtownabbey","GB.NW",NA,"","District","District","",""
136,242,"GBR","United Kingdom",2,"Northern Ireland",136,"North Down","GB.ND",NA,"","District","District","",""
137,242,"GBR","United Kingdom",2,"Northern Ireland",137,"Omagh","GB.OM",NA,"","District","District","",""
138,242,"GBR","United Kingdom",2,"Northern Ireland",138,"Strabane","GB.SB",NA,"","District","District","",""
139,242,"GBR","United Kingdom",3,"Scotland",139,"Aberdeenshire","GB.AS",NA,"","Unitary District","Unitary District","",""
140,242,"GBR","United Kingdom",3,"Scotland",140,"Aberdeen","GB.AR",NA,"","Unitary District (city)","Unitary District (city)","","Aberdeen City"
141,242,"GBR","United Kingdom",3,"Scotland",141,"Angus","GB.AG",NA,"","Unitary District","Unitary District","","Forfar"
142,242,"GBR","United Kingdom",3,"Scotland",142,"Argyll and Bute","GB.AB",NA,"","Unitary District","Unitary District","","Earra-Ghaidheal agus Bòd"
143,242,"GBR","United Kingdom",3,"Scotland",143,"Clackmannanshire","GB.CC",NA,"","Unitary District","Unitary District","",""
144,242,"GBR","United Kingdom",3,"Scotland",144,"Dumfries and Galloway","GB.DG",NA,"","Unitary District","Unitary District","",""
145,242,"GBR","United Kingdom",3,"Scotland",145,"Dundee","GB.DU",NA,"","Unitary District (city)","Unitary District (city)","","Dundee City"
146,242,"GBR","United Kingdom",3,"Scotland",146,"East Ayrshire","GB.EA",NA,"","Unitary District","Unitary District","",""
147,242,"GBR","United Kingdom",3,"Scotland",147,"East Dunbartonshire","GB.ED",NA,"","Unitary District","Unitary District","",""
148,242,"GBR","United Kingdom",3,"Scotland",148,"East Lothian","GB.EL",NA,"","Unitary District","Unitary District","","Haddington"
149,242,"GBR","United Kingdom",3,"Scotland",149,"East Renfrewshire","GB.ER",NA,"","Unitary District","Unitary District","",""
150,242,"GBR","United Kingdom",3,"Scotland",150,"Edinburgh","GB.EB",NA,"","Unitary District (city)","Unitary District (city)","","Édimbourg|Edimburgo"
151,242,"GBR","United Kingdom",3,"Scotland",151,"Eilean Siar","GB.WI",NA,"","Island Area","Island Area","","Western Isles"
152,242,"GBR","United Kingdom",3,"Scotland",152,"Falkirk","GB.FK",NA,"","Unitary District","Unitary District","",""
153,242,"GBR","United Kingdom",3,"Scotland",153,"Fife","GB.FI",NA,"","Unitary District","Unitary District","",""
154,242,"GBR","United Kingdom",3,"Scotland",154,"Glasgow","GB.GG",NA,"","Unitary District (city)","Unitary District (city)","","Glasgow City"
155,242,"GBR","United Kingdom",3,"Scotland",155,"Highland","GB.HI",NA,"","Unitary District","Unitary District","",""
156,242,"GBR","United Kingdom",3,"Scotland",156,"Inverclyde","GB.IC",NA,"","Unitary District","Unitary District","",""
157,242,"GBR","United Kingdom",3,"Scotland",157,"Midlothian","GB.ML",NA,"","Unitary District","Unitary District","","Edinburgh"
158,242,"GBR","United Kingdom",3,"Scotland",158,"Moray","GB.MO",NA,"","Unitary District","Unitary District","","Elgin"
159,242,"GBR","United Kingdom",3,"Scotland",159,"North Ayshire","GB.ED",NA,"","Unitary District","Unitary District","",""
160,242,"GBR","United Kingdom",3,"Scotland",160,"North Lanarkshire","GB.NN",NA,"","Unitary District","Unitary District","",""
161,242,"GBR","United Kingdom",3,"Scotland",161,"Orkney Islands","GB.OR",NA,"","Island Area","Island Area","","Orcadas|Orcades|Orcadi|Orkneyöarna|Orknøyene"
162,242,"GBR","United Kingdom",3,"Scotland",162,"Perthshire and Kinross","GB.PK",NA,"","Unitary District","Unitary District","","Perth and Kinross"
163,242,"GBR","United Kingdom",3,"Scotland",163,"Renfrewshire","GB.RF",NA,"","Unitary District","Unitary District","",""
164,242,"GBR","United Kingdom",3,"Scotland",164,"Scottish Borders","GB.BO",NA,"","Unitary District","Unitary District","","The Borders"
165,242,"GBR","United Kingdom",3,"Scotland",165,"Shetland Islands","GB.SH",NA,"","Island Area","Island Area","","Zetland"
166,242,"GBR","United Kingdom",3,"Scotland",166,"South Ayrshire","GB.SA",NA,"","Unitary District","Unitary District","",""
167,242,"GBR","United Kingdom",3,"Scotland",167,"South Lanarkshire","GB.SL",NA,"","Unitary District","Unitary District","",""
168,242,"GBR","United Kingdom",3,"Scotland",168,"Stirling","GB.ZG",NA,"","Unitary District","Unitary District","",""
169,242,"GBR","United Kingdom",3,"Scotland",169,"West Dunbartonshire","GB.WD",NA,"","Unitary District","Unitary District","","Dumbarton and Clydebank"
170,242,"GBR","United Kingdom",3,"Scotland",170,"West Lothian","GB.WH",NA,"","Unitary District","Unitary District","","Linlithgow"
171,242,"GBR","United Kingdom",4,"Wales",171,"Anglesey","GB.AY",NA,"","Unitary Authority (wales)","Unitary Authority (wales","",""
172,242,"GBR","United Kingdom",4,"Wales",172,"Blaenau Gwent","GB.BG",NA,"","Unitary Authority (wales)","Unitary Authority (wales","",""
173,242,"GBR","United Kingdom",4,"Wales",173,"Bridgend","GB.BJ",NA,"","Unitary Authority (wales)","Unitary Authority (wales","",""
174,242,"GBR","United Kingdom",4,"Wales",174,"Caerphilly","GB.CP",NA,"","Unitary Authority (wales)","Unitary Authority (wales","",""
175,242,"GBR","United Kingdom",4,"Wales",175,"Cardiff","GB.CA",NA,"","Unitary Authority (wales)","Unitary Authority (wales","",""
176,242,"GBR","United Kingdom",4,"Wales",176,"Carmarthenshire","GB.CI",NA,"","Unitary Authority (wales)","Unitary Authority (wales","",""
177,242,"GBR","United Kingdom",4,"Wales",177,"Ceredigion","GB.CG",NA,"","Unitary Authority (wales)","Unitary Authority (wales","","Cardiganshire"
178,242,"GBR","United Kingdom",4,"Wales",178,"Conwy","GB.CW",NA,"","Unitary Authority (wales)","Unitary Authority (wales","","Aberconwy and Colwyn"
179,242,"GBR","United Kingdom",4,"Wales",179,"Denbighshire","GB.DI",NA,"","Unitary Authority (wales)","Unitary Authority (wales","",""
180,242,"GBR","United Kingdom",4,"Wales",180,"Flintshire","GB.FL",NA,"","Unitary Authority (wales)","Unitary Authority (wales","",""
181,242,"GBR","United Kingdom",4,"Wales",181,"Gwynedd","GB.GD",NA,"","Unitary Authority (wales)","Unitary Authority (wales","","Caernarfonshire and Merionethshire"
182,242,"GBR","United Kingdom",4,"Wales",182,"Merthyr Tydfil","GB.MT",NA,"","Unitary Authority (wales)","Unitary Authority (wales","",""
183,242,"GBR","United Kingdom",4,"Wales",183,"Monmouthshire","GB.MM",NA,"","Unitary Authority (wales)","Unitary Authority (wales","",""
184,242,"GBR","United Kingdom",4,"Wales",184,"Neath Port Talbot","GB.NP",NA,"","Unitary Authority (wales)","Unitary Authority (wales","","Neath and Port Talbot"
185,242,"GBR","United Kingdom",4,"Wales",185,"Newport","GB.NO",NA,"","Unitary Authority (wales)","Unitary Authority (wales","",""
186,242,"GBR","United Kingdom",4,"Wales",186,"Pembrokeshire","GB.PE",NA,"","Unitary Authority (wales)","Unitary Authority (wales","",""
187,242,"GBR","United Kingdom",4,"Wales",187,"Powys","GB.PO",NA,"","Unitary Authority (wales)","Unitary Authority (wales","",""
188,242,"GBR","United Kingdom",4,"Wales",188,"Rhondda, Cynon, Taff","GB.RT",NA,"","Unitary Authority (wales)","Unitary Authority (wales","",""
189,242,"GBR","United Kingdom",4,"Wales",189,"Swansea","GB.SW",NA,"","Unitary Authority (wales)","Unitary Authority (wales","",""
190,242,"GBR","United Kingdom",4,"Wales",190,"Torfaen","GB.TF",NA,"","Unitary Authority (wales)","Unitary Authority (wales","",""
191,242,"GBR","United Kingdom",4,"Wales",191,"Vale of Glamorgan","GB.VG",NA,"","Unitary Authority (wales)","Unitary Authority (wales","",""
192,242,"GBR","United Kingdom",4,"Wales",192,"Wrexham","GB.WX",NA,"","Unitary Authority (wales)","Unitary Authority (wales","",""
